{
  "H0": 73.30776905209048,
  "Om": 8.813892547519998e-15,
  "Ok": 0.09999999999797385,
  "w0": -0.6430881580516907,
  "wa": -0.18127689946159914,
  "M": 0.008055836922298252,
  "chi2": 928.6071796046076,
  "model": "cpl",
  "free_rd": true,
  "rd": 1296.1685859498955,
  "used_sn_cov": true,
  "used_bao_cov": true,
  "used_bao2_cov_block": false,
  "sn_intrinsic_mag": 0.1,
  "dof": 1701,
  "chi2_red": 0.5459183889503866
}